Supplementary Table 3,Unnamed: 1,Unnamed: 2,Unnamed: 3,Unnamed: 4,Unnamed: 5,Unnamed: 6,Unnamed: 7,Unnamed: 8,Unnamed: 9
,,,,,,,,,
Trait,Metric,Number of Components,Train RMSE Mean,Cross Validation RMSE Mean,External RMSE Mean,Overfit_ratio,Train R² Mean,Cross Validation R² Mean,External R² Mean
Fiber,Median SNV,3,0.993347866447645,1.06380840360488,1.17109761118704,1.0709323888812607,0.585632811853241,0.392040327525961,0.310114814727226
Fats,Median SNV,4,1.60156735467259,1.75273553464409,1.65119036903079,1.0943876506538832,0.855053895337994,0.767290482554603,0.687441080900794
Sucrose,Median SNV,4,0.381674398532348,0.415316506980343,0.425580507554784,1.0881434766842075,0.531892762905002,0.27718699460206,0.352411421740471
Protein,Median SNV,4,0.815916578702786,0.889590234955718,1.03802776866788,1.0902955745427612,0.857640980810311,0.758372031230663,0.606603902491945
